title,author,link,text
"Software engineers should be a little bit cynical
","sean goedecke
",https://www.seangoedecke.com/a-little-bit-cynical/,"I donâ€™t see a hard distinction between engineers being â€œtools in a political gameâ€ and professionals who solve meaningful problems. In fact, I think that in practiceÂ almost all meaningful problems are solved by playing political games.
There are very few problems that you can solve entirely on your own. Software engineers encounter more of these problems than average, because the nature of software means that a single engineer can have huge leverage by sitting down and making a single code change. But in order to make changes to large products - for instance, to make it possible for GitHubâ€™s 150M users toÂ use LaTeX in markdownÂ - you need to coordinate with many other people at the company, which means you need to be involved in politics.
It is just a plain fact that software engineers are not the movers and shakers in large tech organizations. They do not set the direction of the company. To the extent that they have political influence, itâ€™s in how they translate the direction of the company into specific technical changes. ButÂ that is actually quite a lot of influence!
Large tech companies serve hundreds of millions (or billions) of users. Small changes to these products can have a massive positive or negative effect in the aggregate. As I see it, choosing to engage in the messy, political process of making these changes - instead of washing your hands of it as somehow impure - is an act of idealism.
I think the position of a software engineer in a large tech company is similar to people who go into public service: idealistically hoping that they can do some good, despite knowing that they themselves will never set the broad strokes of government policy.
Of course, big-tech software engineers are paid far better, so many people who go into this kind of work in fact are purely financially-motivated cynics. But Iâ€™m not one of them! I think itâ€™s possible, by doing good work, to help steer the giant edifice of a large tech company for the better.
Cynicism as inoculation
Cynical writing is like most medicines: the dose makes the poison. A healthy amount of cynicism can serve as an inoculation from being overly cynical.
If you donâ€™t have an slightly cynical explanation for why engineers write bad code in large tech companies - such as the one I write aboutÂ hereÂ - you risk adopting an overly cynical one. For instance, you might think that big tech engineers are beingÂ deliberately demoralizedÂ as part of an anti-labor strategy to prevent them from unionizing, which is nuts. Tech companies are simply not set up to engage in these kind of conspiracies.
If you donâ€™t have a slightly cynical explanation for why large tech companies sometimes make inefficient decisions - such asÂ this oneÂ - you risk adopting an overly cynical one. For instance, you might think that tech companies are full of incompetentÂ losers, which is simply not true. Tech companies have a normal mix of strong andÂ weak engineers.
"
"Manus Joins Meta for Next Era of Innovation
",,https://manus.im/blog/manus-joins-meta-for-next-era-of-innovation,"The news is out, and it's big: Manus is joining Meta.This announcement is more than just a headlineâ€”it's validation of our pioneering work with General AI Agents.Since the launch, Manus has focused on building a general-purpose AI agent designed to help users tackle research, automation, and complex tasks. Through continuous product iteration, weâ€™ve been working hard to make these capabilities more reliable and useful across a growing range of real-world use cases. In just a few months, our agent has processed more than 147 Trillion tokens and powered the creation of over 80 Million virtual computers.We believe in the potential of autonomous agents, and this development reinforces Manusâ€™s role as an execution layer â€” turning advanced AI capabilities into scalable, reliable systems that can carry out end-to-end work in real-world settings.Our top priority is ensuring that this change wonâ€™t be disruptive for our customers. We will continue to sell and operate our product subscription service through our app and website. The company will continue to operate from Singapore.Our solution is driving value for millions of users worldwide today. With time, we hope to expand this subscription to the millions of businesses and billions of people on Metaâ€™s platforms.â€œJoining Meta allows us to build on a stronger, more sustainable foundation without changing how Manus works or how decisions are made,â€ said Xiao Hong, CEO of Manus. â€œWeâ€™re excited about what the future holds with Meta and Manus working together and we will continue to iterate the product and serve users that have defined Manus from the beginning.â€"
,,,"Manus has crossed $100M in ARR, eight months after launch. This makes us the fastest startup to go from $0 to $100M in the world. Our company's total revenue run rate is now over $125M, including usage-based and other revenue. We've been growing at more than 20% month-over-month since the release of Manus 1.5, and we're continuing to accelerate our product and feature releases.Earlier this year, Manus launched the first General AI Agent, kickstarting a new evolution in AI. Since launch, Manus has processed more than 147T tokens and created more than 80M virtual computers.You quickly wowed us with your creative use cases as we defined this category together. We changed the way humans and AI collaborate, moving from simple question and answers to true task delegation.We shared our learning on Context Engineering for AI Agents, which became an industry standard. We released game-changing technical innovations like Wide Research, and made it possible to build mobile applications from natural language. All thanks to the millions of you around the world who choose to trust Manus for getting things done!Prior to our launch, we raised $75M led by Benchmark. Benchmark General Partner Chetan Puttagunta joined our Board alongside our founders Red and Pan. Today, we're 105 people across Singapore, Tokyo, and San Francisco. And we'll be opening an office in Paris soon. We're hiring across all teams in all four offices. If you want to build the future of AI, we'd love to hear from you."
Get Your Manus App to Rank on Search Engines: Introducing Built-in SEO,,https://manus.im/blog/manus-advanced-seo,"How It Works: Get Your Site Indexed on Search Engines
Our new SEO capability makes your Manus-built websites fully indexable and competitive on search engines. It bridges the gap between modern, dynamic web experiences and the technical requirements of search crawlers. The system works by intelligently generating a prerendered, static HTML version of your site specifically for bots. When a human visitor arrives, they receive the rich, interactive experience you designed. When a search engine bot (like Googlebot) arrives, it receives a perfectly structured, content-rich snapshot that it can easily understand, index, and rank in search results.This dual approach ensures you never have to compromise between user experience and search visibility. Your website performs beautifully for your audience while also communicating effectively with the bots that determine your ranking on search engines.
Key Capabilities
â€¢Automatic Prerendering: Manus automatically generates and serves a lightweight, fully-optimized HTML version of your site to all major search engine bots, ensuring every page can be crawled and indexed on search engines correctly.â€¢Automated Technical SEO: Best practices are built-in from the start. The system automatically generates and maintains critical infrastructure, including canonical URLs to prevent duplicate content, a robots.txt file to guide crawlers, and dynamic sitemaps to help search engines discover all your pages.â€¢SEO Analysis & Scoring: A new SEO dashboard in your project provides a detailed health check for every page. It scores your on-page SEO against proven ranking factors and provides clear, actionable recommendations to improve your search ranking.â€¢AI-Powered Optimization: Go beyond analysis with â€œOptimize with Manus.â€ This one-click feature uses AI to automatically implement the dashboardâ€™s recommendations, from writing compelling meta descriptions and titles to generating descriptive alt-text for your images.
Why It Matters
Ultimately, these new SEO features translate technical optimizations into tangible business outcomes. Itâ€™s not just about appeasing algorithms; itâ€™s about connecting your work to the world.â€¢Get Discovered on Search Engines: Unlock the power of organic search and attract a steady stream of visitors from search engines who are looking for you.â€¢Drive Growth: Reach new customers, readers, and users who are actively searching on search engines for the solutions and content you provide.â€¢Build with Confidence: Focus your energy on creating a great product and compelling content, knowing that your technical SEO is handled automatically to maximize your search visibility.â€¢Save Time and Resources: Eliminate the need for complex, manual SEO configurations or expensive third-party tools. Your entire optimization workflow lives right within Manus.
How to Use It
Getting your site ready to rank on search engines is simple. Here is a quick guide to optimizing your first page:1.Enable SEO: Open your project Settings, publish your site, and toggle on the new SEO feature. This kicks off the automatic prerendering process. Getting your site ready to rank on search engines is simple. Here is a quick guide to optimizing your first page:1.Enable SEO: Open your project Settings, publish your site, and toggle on the new SEO feature. This kicks off the automatic prerendering process.  Check Your Score: Navigate to the SEO tab. Youâ€™ll see a real-time health score (e.g., 69/100) for your page, along with a checklist of metrics like ""H1 heading,"" ""SEO description,"" and ""Keywords."" Identify Issues: Look for items marked with a red warning icon ğŸ”´ or yellow alert ğŸŸ¡. For example, you might see ""No description found"" or ""No keywords detected."" Fix with AI: Instead of writing meta tags manually, simply click the â€œOptimize with Manusâ€ button. Our AI will analyze your page content and automatically generate optimized titles, descriptions, and keywords for you.5.Verify & Rank: Watch your score turn green ğŸŸ¢ as the optimizations are applied. Your site is now technically primed for search engine crawlers."
,,https://manus.im/blog/manus-stripe,"Go Live in an Hour: How Manus Reimagined Payments with Stripe
At Manus, we believe you should focus on your business idea, not the technical busywork required to bring it to life. One of the biggest hurdles has always been payments. You have a clear vision for what you want to sell, but you're forced to stop, leave your workflow, and become a payments expert just to get started, navigating dashboards, configuring webhooks, and juggling API keys.We knew there had to be a better way. That's why we've re-imagined the entire process from the ground up together with Stripe. Instead of you figuring out the technical steps, Manus does it for you. The result is the fastest, safest way to go from idea to income.
Here's how Manus makes it possible:
Build First, Sign Up Later
Traditionally, the first step is always to create a payment provider account. We've flipped that on its head.With Manus, you start building your business immediately. The moment you decide to add payments, Manus instantly creates a temporary, Stripe sandbox for you to start testing. There's no need to sign up for Stripe first. This is your personal, secure testing environment, ready for Manus to build and test your payment infrastructure.
Manus as Your Payments Specialist
Once your sandbox is created, Manus understands your goal and gets to work, handling the complex configuration tasks that used to take hours or days:â€¢Automated Product Setup: Manus takes your business logic and automatically creates the corresponding products and subscription models in Stripe.â€¢Webhook Configuration, Solved: Forget the complexity of setting up webhooks for payment confirmations. Manus configures them for you automatically, ensuring your application works seamlessly.â€¢End-to-End Testing: Manus enables you to run through your entire checkout flow in a complete testing environment. You can test subscriptions and confirm that everything works exactly as expected, all without a single real dollar changing hands.
Testing Made Easy with Stripe's claimable sandbox
The magic behind this ""build first, sign up later"" workflow is a powerful piece of technology from Stripe called the Claimable Sandbox.Think of it as a temporary, fully-featured Stripe account that can be created programmaticallyâ€”in our case, by Manusâ€”without requiring any user signup.This is a game-changer for a few key reasons:â€¢Zero-Friction Start: It removes the biggest obstacle to getting started: the signup form. You can begin building and testing your business idea immediately.â€¢Ease of testing: The sandbox is a complete replica of Stripe's live environment. You can test every aspect of your payment flow, from creating subscriptions to handling failed payments, without affecting real customers or money. Only when you're satisfied with the website, do you then need to go to Stripe, go through KYC and then accept payments.â€¢Designed for AI Agents: This technology is built for the new era of AI-driven development. It allows an agent like Manus to securely build and configure an entire payment system on your behalf in a controlled environment.Once you are satisfied with the setup, you ""claim"" the sandbox. This seamlessly transfers all the configurations Manus has builtâ€”your products, pricing, and webhook settingsâ€”to a new, permanent Stripe account that you own. You get a production-ready payment system from day one.
Claim and Go Live
When you're ready to start accepting real money, you simply tell Manus to go live. This is when you'll ""Claim"" your sandbox.This is the only point where you'll be prompted to officially create your Stripe account and complete their standard, secure KYC (Know Your Customer) process. Once approved, your fully configured, battle-tested payment system is instantly live.The entire process is managed through a simple, conversational interface within Manus.This is the power of the Claimable Sandbox workflow, an innovation from Stripe that Manus leverages to act as your agent, turning a complex, multi-day setup into a simple, one-hour process.
Your Vision, Brought to Life
You bring the vision. Manus provides the expertise to build it and the foundation to get paidâ€”with confidence.Start building your business with Manus"
,,https://www.manua.ls/apple/iphone/manual?p=9,"Viewing the User Guide on iPhone 
The iPhone User Guide, optimized for viewing on iPhone, is available at 
help.apple.com/iphone. 
View the guide on iPhone: In Safari, tap , then tap the iPhone User Guide bookmark. Add an icon for the guide to the Home screen: When viewing the guide, tap , then 
tap â€œAdd to Home Screen.â€ 
The iPhone User Guide is available in many languages. 
View the guide in a diï¬€erent language: Tap â€œChange Languageâ€ at the bottom of the 
screen on the main contents page, then choose the language you want. 
What You Need 
To use iPhone, you need: 
îš A wireless service plan with a carrier that provides iPhone service in your area îš A Mac or a PC with a USB 2.0 port and one of the following operating systems: îš Mac OS X version 10.4.11 or later; version 10.5.7 or later is required for syncing 
Notes and for using iPhone as a modem 
îš Windows XP Home or Professional with Service Pack 2 or later 
îš Windows Vista Home Premium, Business, Enterprise, or Ultimate edition îš Display resolution on your computer set to 1024 x 768 or higher 
îš iTunes 8.2 or later, available at www.itunes.com/download 
îš QuickTime 7.6.2 or later (for playing videos recorded by iPhone 3GS on your 
computer) 
"
,,https://www.manua.ls/apple/iphone/manual?p=9,"Activating iPhone 
Before you can use any of iPhoneâ€™s features, you must activate iPhone by signing up 
for a service plan with an iPhone service carrier in your area and registering iPhone 
with the network. 
Your iPhone may have been activated at the time of purchase. If it isnâ€™t activated, 
contact your iPhone retailer or cellular service provider. 
For more information about iPhone, go to www.apple.com/iphone.
"
,,,"Installing the SIM Card 
If your SIM card was not preinstalled, you must install the SIM card before you can use 
iPhone. 
SIM 
card 
SIM tray 
SIM eject tool 
Install the SIM card: 
1 Insert the end of the SIM eject tool into the hole on the SIM tray. 
Press ï¬rmly and push it straight in until the tray pops out. If you donâ€™t have a SIM eject 
tool, you can use the end of a paper clip. 
2 Pull out the SIM tray and place the SIM card in the tray. 
The angled corner of the SIM ensures that the card ï¬ts only the correct way in the tray. 
3 With the tray aligned as shown, carefully replace the SIM tray containing the SIM card 
in iPhone. 
Registering iPhone 
Registering iPhone with iTunes enables iTunes to identify your iPhone when itâ€™s 
connected to your computer and help you manage its contents. You can then sync 
information with your computer and media from iTunes, and create backups of 
iPhoneâ€™s contents and settings. You can create an iTunes Store account, or specify an 
existing account, to enable purchases with iPhone. iTunes also records iPhoneâ€™s serial 
number in the event you need it for service or in case of loss
"
,,https://www.manua.ls/apple/iphone/manual?p=9,"Syncing with iTunes 
You can set iTunes to sync any or all of the following: 
Contactsâ€”names, phone numbers, addresses, email addresses, and more 
 Calendarsâ€”appointments and events 
Email account settings 
Webpage bookmarks 
Notes (requires Mac OS X version 10.5.7 on a Mac) 
Ringtones 
Music and audiobooks 
Photos 
Podcasts 
Movies, TV shows, and music videos 
Applications downloaded from the iTunes Store 
You can adjust sync settings whenever iPhone is connected to your computer. 
Ringtones, music, audiobooks, podcasts, video content, and applications are synced 
from your iTunes library. If you donâ€™t already have content in iTunes, the iTunes Store 
(available in some countries) makes it easy to preview and download content to 
iTunes. You can also add music to your iTunes library from your CDs. To learn about 
iTunes and the iTunes Store, open iTunes and choose Help > iTunes Help. 
Contacts, calendars, notes, and webpage bookmarks are synced with applications 
on your computer, as described in the following section. Contacts and calendars are 
synced both ways between your computer and iPhone. New entries or changes you 
make on iPhone are synced to your computer, and vice versa. Notes and webpage 
bookmarks are also synced both ways. Photos can be synced from an application or 
from a folder.
"
,,https://en.wikipedia.org/wiki/ITunes_Store,"iTunes StoreÂ is aÂ digital marketplaceÂ selling songs, albums,Â music videos,Â ringtonesÂ and alert tones. It was launched byÂ Apple Inc.Â on April 28, 2003, forÂ Mac OS X, and on October 16, 2003, forÂ Microsoft Windows. It launched as a mobile application withÂ iOSÂ on June 29, 2007.[1]
It previously soldÂ mobile applicationsÂ until the launch of theÂ App StoreÂ on July 10, 2008, andÂ e-booksÂ until the launch of theÂ iBooks StoreÂ on March 31, 2010.[2]Â It also used to facilitate the downloading of podcasts which later became integrated intoÂ Apple Podcasts, as well as the provision to buy and rent films and TV shows which has since become integrated intoÂ Apple TV.[3]
The iTunes Store opened as part of then-CEOÂ Steve Jobs' push to open a digital marketplace for music. When it launched, it was the only legal digital catalog of music to offer songs from all five majorÂ record labels, which played a part in its success and influenced theÂ music downloadingÂ business.[4]Â Music streaming servicesÂ began to overtake music downloading, with Apple launchingÂ Apple MusicÂ on June 30, 2015. Steve Jobs saw the opportunity to open a digital marketplace for music due to the rising popularity of easily downloadable tracks.[6][7][8][9]Â In 2002, Jobs made an agreement with the five majorÂ record labelsÂ to offer their content through iTunes.[10]Â The iTunes Music Store (later iTunes Store) was introduced by Jobs at a special Apple music event in April 2003.[11][12]Â Music could be purchased in theÂ iTunesÂ application, and purchases were playable in iTunes or on theÂ iPod. The store was initially available toÂ MacÂ computers,[13]Â and was later expanded toÂ Microsoft WindowsÂ in October 2003 when iTunes for Windows was launched.[14]
In April 2008, the iTunes Store was the largest music vendor in the United States,[15]Â and in February 2010, it was the largest music vendor in the world.[16]Â The iTunes Store's revenues in the first quarter of 2011 totaled nearly US$1.4 billion.[17]Â By May 28, 2014, the store had sold 35 billion songs worldwide.[18]
In 2016, it was reported that music streaming services had overtaken digital downloads in sales.[19]Â It was reported that iTunes-style digital download sales had dropped 24% as streaming continued to increase.[20]
In April 2018, the iTunes app was added to the Microsoft Windows 10 app store.[21]Â Beginning in the spring of 2019, the iTunes app became available on Samsung Smart TVs.[22]
In October 2019, with the release ofÂ macOS Catalina, iTunes was split into separateÂ Music,Â TV, andÂ PodcastsÂ apps. Apple's storefront for movies and television shows moved inside the TV app. Any music in users' iTunes library would transfer to the Music app, which would still offer access to the iTunes Store.

"
,,https://en.wikipedia.org/wiki/ITunes_Store,"The iTunes Store is available on most Apple devices, including theÂ MacÂ (inside theÂ MusicÂ app), theÂ iPhone, theÂ iPad, theÂ iPod touch, and theÂ Apple TV, as well as onÂ WindowsÂ (inside iTunes). Video purchases from the iTunes Store are viewable on theÂ Apple TVÂ app onÂ Roku[25]Â andÂ Amazon Fire TV[26]Â devices and certain smart televisions. Unlike other Apple media services such asÂ Apple MusicÂ orÂ Apple TV+, there is no web-based interface for the iTunes Store with the exception of limited iTunes Preview pages; the desktop application has to be installed to browse the store. While initially a dominant player in digital media, by the mid-2010s,Â streaming mediaÂ services were generating more revenue than the buy-to-own model used by the iTunes Store.[27][28]
Currently, iTunes is supported on theÂ macOSÂ (LeopardÂ and above) andÂ Microsoft WindowsÂ operating systems. iTunes was known to run passably well inÂ LinuxÂ onÂ x86-based computers using theÂ WineÂ compatibility layer; however, by December 2011, this was no longer the case.[29]Â Users without iTunes installed can see a content database (but not hear or view the content itself) using the iTunes Preview service, which runs inside a web browser. This service also allows users to watch trailers for upcoming film releases. Should they choose to purchase any media, they will be redirected to iTunes.
Pricing model
History
Following the introduction of the iTunes Store, individual songs were all sold for the same price, though Apple introduced multiple prices in 2007. Music in the store is in theÂ Advanced Audio CodingÂ (AAC) format, which is theÂ MPEG-4-specified successor toÂ MP3. Originally, songs were only available with DRM and were encoded atÂ 128Â kbit/s. At the January 2009 Macworld Expo, Apple announced that all iTunes music would be made available without DRM, and encoded at the higher-quality rate ofÂ 256Â kbit/s. Previously, this model, known as ""iTunes Plus"", had been available only for music from EMI and some independent labels. Users can sample songs by listening to previews, ninety seconds in length, or thirty seconds for short tracks.
In addition, the iTunes Store offers apps, which are applications used for various purposes (games, productivity, news, etc.) that are compatible with the iPod Touch, iPhone, and iPad, although some apps are specifically for the iPhone or iPad only. Some apps cost money (called ""Paid Apps"") and some are free (called ""Free Apps""). Developers can decide which prices they want to charge for apps, from a pre-set list of pricing tiers, from free to several hundred dollars. When someone downloads an App, 70 percent of the purchase goes to the developer(s), and 30 percent goes to Apple.[30]
"
,,https://en.wikipedia.org/wiki/ITunes_Store,"Sony Music EntertainmentÂ (SME), commonly known asÂ Sony Music, is an American multinationalÂ music companyÂ owned byÂ Sony Group Corporation. It is the recording division ofÂ Sony Music Group, with the other half being the publishing division,Â Sony Music Publishing.[4]
Founded in 1929 asÂ American Record Corporation, it was acquired by theÂ Columbia Broadcasting SystemÂ in 1938 and renamedÂ Columbia Recording Corporation. In 1966, the company was reorganized to becomeÂ CBS Records. Sony bought the company in 1988 and renamed it SME in 1991. In 2004, Sony andÂ BertelsmannÂ established a 50â€“50 joint venture known asÂ Sony BMGÂ to handle the operations of Sony Music andÂ Bertelsmann Music GroupÂ (BMG), but Sony bought out Bertelsmann's stake four years later and reverted to using the 1991 company name. This buyout led to labels formerly under BMG ownership, includingÂ Arista,Â Jive,Â LaFaceÂ andÂ J RecordsÂ into former BMG and currently Sony's co-flagshipÂ record label,Â RCA Records, in 2011 and led to the relaunch of BMG asÂ BMG Rights Management. Arista Records would later be revived in 2018.
On July 17, 2019, Sony announced a merger of Sony Music Entertainment and music publishing arm Sony/ATV to form the Sony Music Group.[5]Â The merger was completed on August 1, 2019.[6][7]
As of 2025, Sony Music Entertainment is the second largest of the ""Big Three"" record companies, behindÂ Universal Music GroupÂ and followed byÂ Warner Music Group. Its music publishing division Sony Music Publishing is the largest music publisher in the world.
Sony Music UKÂ was founded in January 1980 and is owned and operated by Sony Music Entertainment in the United Kingdom. Since 2014,Â Jason IleyÂ has been chairman andÂ CEOÂ of Sony Music UK.[74]Â Though owned by Sony Music Entertainment, Sony Music UK has standalone operations in the UK to promote musicians within the UK.[75]
In June 2017, it was announced that Sony would be merging its two independent distribution companies The Orchard and Red Essential.[76]
In 2014, Sony had its best singles success of 33 years, with 11 number 1 singles. Sony Music artists won a total of five individual awards at theÂ BRITsÂ 2015, including Best Female Solo Artist forÂ Paloma Faith, andÂ Mark Ronson's ""Uptown Funk"", which picked up Best British Single. Several other of the label's artists â€“Â Foo Fighters,Â One DirectionÂ andÂ Pharrell WilliamsÂ â€“ also collected awards.[77][78]
Sony's performance at the BRITs 2015 was the label's best in nearly 20 years, winning a total of 5 awards. In 2017, Sony Music UK celebrated the most successful BRIT Awards in the company's history, winning seven of the 11 awards.[79]
Sony Music UK has made key acquisitions including forming Insanity Records with Insanity Management.Â Craig DavidÂ became the first artist to sign an album deal with Insanity Records.[80][81]Â Sony Music UK signedÂ Robbie Williams, who released his 11th albumÂ The Heavy Entertainment ShowÂ in 2016. Jason Iley commented that the agreement was ""a once in a lifetime signing with the biggest male solo artist of our generation"".[82][83]
Sony Music UK incorporated the independent sales and distribution company Essential Music and Marketing â€“ renamed toÂ Red Essential. In August 2016, Sony Music acquiredÂ Ministry of Sound Recordings, home toÂ London Grammar,Â DJ FreshÂ andÂ Sigala.[84][85]
On April 5, 2017, two of Sony Music UK's labels won awards at the annual Music Week Awards. Columbia Records was awarded A&R of the Year, and Syco was awarded Record Company of the Year.[86]
In 2021, Sony agreed to buy Kobalt neighboring rights division and independent distribution companyÂ AWAL, from theÂ Kobalt Music GroupÂ for $430 million.[87]
In 2024, the former members ofÂ Pink FloydÂ sold their entire catalog for $400 million to Sony.[88]Â Previously, the band had licensed their music to Sony (from 1975 to 1999 and then again from 2016 until the sale) outside Europe, where the distribution was handled byÂ EMIÂ and laterÂ Warner Music Group. Alongside this, they had also acquiredÂ Queen's catalog and ""name and likeness"" rights for Â£1 billion.[89][90]Â Sony will start distributing the entirety of Queen's music internationally (outside of North America, where it remains withÂ Disney'sÂ Hollywood Records) by 2026, when their deal withÂ Universal Music GroupÂ ends.[91][92]
"
,,https://en.wikipedia.org/wiki/Rob_Stringer,"Robert Adrian StringerÂ CBEÂ (born 13 August 1962) is a BritishÂ music industry executive. He has served as the chairman ofÂ Sony Music GroupÂ and CEO ofÂ Sony Music EntertainmentÂ since 2017. He is also aÂ directorÂ of football clubÂ Luton Town F.C.[1]
Stringer was listed Second on the 2022Â BillboardÂ ""Power 100"" ranking of persons influential in the music industry.[2]
Stringer was born and raised in the town ofÂ Aylesbury, Buckinghamshire, and attendedÂ Aylesbury Grammar School.[3]Â He got his first record player at age seven and attended his first concert at age 12 atÂ Wembley ArenaÂ where the line up includedÂ The Beach BoysÂ andÂ The Eagles.[4]
Growing up in Aylesbury, Stringer had the opportunity to see a number of touring bands. In 1976, at the age of 14, he sawÂ The ClashÂ at one of their earliest shows.[3]Â He went on to spend his teenage years watching punk bands at the Aylesbury rock venue, Friars, where he began working during school holidays. He later said that while he ""saw the cultural side"" of the club, ""the business side rubbed off on me too.â€[5]
After leaving school, Stringer studied sociology atÂ Goldsmiths CollegeÂ in South London.[4]Â Whilst at university, he spent a year working as a student entertainment manager, booking acts such asÂ Simply Red.
After a decade at Columbia Records, Stringer became the CEO of Sony Music succeedingÂ Doug MorrisÂ in April 2017.[8]
In his first year as CEO, Stringer oversaw a 12.2% increase in recorded music (up to $4.03 billion). This included an improvement of streaming revenues, which went up 37.3% to $1.8 billion, and improvements in physical sales, which increased by just under $10 million.[9]
In August 2019, Stringer was named as the Chairman of Sony Music Group, in addition to his role of CEO of Sony Music Entertainment.[10]
He was reported to have ""an artist-friendly reputation, working closely with modern icons including Adele, BeyoncÃ©, Bob Dylan, Harry Styles, and many others"".[10]
In 2021, Stringer implemented the company's Artists Forward and Songwriters Forward programs to create more earnings opportunities for artists and songwriters.[11]
In his role as chairman he is credited as driving the creation of a $100 million fund to ""fight racism around the world"".[ Stringer was named Music Visionary of the Year in 2013 by the UJA-Federation of New York's Music and was presented the award byÂ Adele.[13]
In 2014, he received the â€œStratâ€ Award for Outstanding Lifetime Achievement fromÂ Music Week.[14]
Stringer received the 2016 Clive Davis Visionary Award fromÂ BillboardÂ magazine.[15]
In 2017, he received the Music Industry Trusts Award, which was presented by close friendÂ Nicky WireÂ of the Manic Street Preachers.[16]
He was appointedÂ Commander of the Order of the British EmpireÂ (CBE) in theÂ 2022 New Year HonoursÂ for services to UK creative industries, social justice and charity.[17]
He was awarded the 2022 GRAMMY Salute To Industry Icons award.[18]
Stringer appeared at #2 on theÂ BillboardÂ Power 100 in 2022[19]Â and again in 2023.

"
,,https://bendodson.com/projects/itunes-artwork-finder/,"NEW:Â You can now search for Apple Music playlists, albums and stations with my newÂ Apple Music Artwork FinderÂ which includes uncompressed artwork and animated artwork where applicable.
NEW:Â I've created a new tool,Â Apple TV Shows & Movies Artwork Finder, to support the new 16:9 aspect ratio used in the TV app in iOS 12.3, macOS Catalina, and Apple TV. There is also a whole host of additional artwork including ultrawide banners, logos, and parallax files.
This project started out as a simple tool for using theÂ iTunes Search APIÂ to download 600x600px artwork for TV shows. However, it became a lot more popular than I expected and requests were made to add movie and iBook artwork. I've added these in addition to incorporating album artwork and app icons from the App Store.
To find artwork, simply type the name below and choose the media type and country from the dropdowns.
I've included two links at the top of each piece of artwork; standard resolution and high resolution. The standard resolution will generally be 600x600px and is the size that is displayed inline. The high resolution can be anything; I've found instances of movie artwork at 1600x2400px and TV shows up to 2400x2400px. However, the high resolution does not always work, particularly for iBooks, Movies,Â and AlbumsÂ (albums are now working thanks to a tip from John Leustek). It seems to depend on the country and studio involved but you generally need a special key to get that high res artwork and you can only get that key by purchasing something from iTunes (and then it only lasts a short while). With app icons, there is only one artwork link which will give you a 1024x1024px file; just click on the app icon.
Some movies weren't being found even though they could be viewed in iTunes. To fix this, copy the URL from iTunes and paste the numbers after 'id' into the 'Apple ID (Movie)' section. For example, if the iTunes URL isÂ https://itunes.apple.com/gb/movie/harry-potter-philosophers/id314918278Â you would putÂ 314918278Â as the id (the country must be correct as well for this to work). As of March 2016, you can also do this for albums; just select 'Apple ID (Album)' from the dropdown list.
IMPORTANT:Â This website gets artwork directly from iTunes. If the film / TV show you are looking for is not available on iTunes (i.e. it's a film that hasn't been released yet or is a network exclusive like a Netflix show) then you won't find it here. PleaseÂ do notÂ email me asking to add extra artwork as it doesn't work that way - this is just a quick way of getting artwork from iTunes.
NOTE TO DEVELOPERS:Â If you want to do any automation or hit the API I've written directly, please consider getting theÂ source code I've made publicly available on GitHubÂ and hosting it yourself. I can't guarantee uptime nor give permission for you to hit my server from your own apps so please host the code above on your own server if you wish to do anything like that.
"
,,https://bendodson.com/weblog/,"For over a decade, Iâ€™ve been providing a way to easily access high-resolution album artwork through myÂ iTunes Artwork FinderÂ andÂ Apple Music Artwork Finder. These tools allow you to uncover the original, uncompressed artwork files exactly as they were delivered to Apple by the artist or their label â€” no compression, no quality loss, just high quality imagery.
Over the years, Iâ€™ve received countless messages from users who loved these tools but wished for more; specifically, the ability to fetch multiple pieces of artwork at once or automate the processâ€¦
Today, Iâ€™m thrilled to announce an Apple Shortcut that lets you do just that, now available exclusively onÂ Gumroad.
With this new shortcut, all you need is an Apple Music URL. Feed it in, and youâ€™ll get back a direct link to the highest resolution, uncompressed artwork available. Iâ€™ve also created a demo shortcut that shows you how to use this tool as part of a larger automation. Imagine easily inputting a URL and having the artwork automatically downloaded to your device. Itâ€™s that simple.
This shortcut isnâ€™t just limited to album artwork. It works with playlists, stations, artists, music videos, and curators too. Essentially, if itâ€™s on Apple Music, you can get the artwork.
Iâ€™m genuinely excited to see how people will use this shortcut. If thereâ€™s enough interest, I might expand this functionality to include my other artwork finders. If thatâ€™s something youâ€™d like to see,Â let me know!
"
,,https://arxiv.org/html/2405.07437v2,"Retrieval-Augmented Generation (RAG)Â [34]Â efficiently enhances the performance of generative language models through integrating information retrieval techniques. It addresses a critical challenge faced by standalone generative language models: the tendency to produce responses that, while plausible, may not be grounded in facts. By retrieving relevant information from external sources, RAG significantly reduces the incidence of hallucinationsÂ [23]Â or factually incorrect outputs, thereby improving the contentâ€™s reliability and richness.Â [73]Â This fusion of retrieval and generation capabilities enables the creation of responses that are not only contextually appropriate but also informed by the most current and accurate information available, making RAG a development in the pursuit of more intelligent and versatile language modelsÂ [73,Â 64].
Numerous studies of RAG systems have emerged from various perspectives since the advent of Large Language Models (LLMs)Â [55,Â 45,Â 59,Â 42,Â 41,Â 69,Â 16]. The RAG system comprises two primary components:Â RetrievalÂ andÂ Generation. The retrieval component aims to extract relevant information from various external knowledge sources. It involves two main phases,Â indexingÂ andÂ searching. Indexing organizes documents to facilitate efficient retrieval, using either inverted indexes for sparse retrieval or dense vector encoding for dense retrievalÂ [16,Â 12,Â 28]. The searching component utilizes these indexes to fetch relevant documents on the userâ€™s query, often incorporating the optional rerankersÂ [4,Â 39,Â 6,Â 52]Â to refine the ranking of the retrieved documents. The generation component utilizes the retrieved content and question query to formulate coherent and contextually relevant responses with the prompting and inferencing phases. As the â€œEmergingâ€ abilityÂ [59]Â of LLMs and the breakthrough in aligning human commandsÂ [42], LLMs are the best performance choices model for the generation stage. Prompting methods like Chain of Thought (CoT)Â [60], Tree of ThgouhtÂ [65], Rephrase and Respond (RaR)Â [8]Â guide better generation results. In the inferencing step, LLMs interpret the prompted input to generate accurate and in-depth responses that align with the queryâ€™s intent and integrate the extracted informationÂ [35,Â 9]Â without further finetuning, such as fully finetuningÂ [16,Â 1,Â 67,Â 68]Â or LoRAÂ [21]. AppendixÂ 0.AÂ details the complete RAG structure. FigureÂ 1Â illustrates the structure of the RAG systems as mentioned. The importance of evaluating RAG is increasing in parallel with the advancement of RAG-specific methodologies. On the one hand, RAG is a complex system intricately tied to specific requirements and language models, resulting in various evaluation methods, indicators, and tools, particularly given the black-box LLM generation. Evaluating RAG systems involves specific components and the complexity of the overall system assessment. On the other hand, the complexity of RAG systems is further compounded by the external dynamic database and the various downstream tasks, such as content creation or open domain question answeringÂ [16,Â 70]. These challenges necessitate the development of comprehensive evaluation metrics that can effectively capture the interplay between retrieval accuracy and generative qualityÂ [2,Â 7]. To clarify the elements further, we try to address the current gaps in the area, which differs from the prior RAG surveysÂ [74,Â 16,Â 24]Â that predominantly collected specific RAG methods or data. We have compiled 12 distinct evaluation frameworks, encompassing a range of aspects of the RAG system. Following the procedure of making benchmarks, we analyze through targets, datasets and metrics mentioned in these benchmarks and summarize them intoÂ A Unified Evaluation Process of RAGÂ (Auepora) as three corresponding phases.
For this paper, we contribute in the following aspects:

Challenge of Evaluation: This is the first work that summarizes and classifies the challenges in evaluating RAG systems through the structure of RAG systems, including three parts retrieval, generation, and the whole system.
2.Â 
Analysis Framework: In light of the challenges posed by RAG systems, we introduce an analytical framework, referred to asÂ A Unified Evaluation Process of RAGÂ (Auepora), which aims to elucidate the unique complexities inherent to RAG systems and guide for readers to comprehend the effectiveness of RAG benchmarks across various dimensions
3.Â 
RAG Benchmark Analysis: With the help ofÂ Auepora, we comprehensively analyze existing RAG benchmarks, highlighting their strengths and limitations and proposing recommendations for future developments in RAG system evaluation.
2Challenges in Evaluating RAG Systems
Evaluating hybrid RAG systems entails evaluating retrieval, generation and the RAG system as a whole. These evaluations are multifaceted, requiring careful consideration and analysis. Each of them encompasses specific difficulties that complicate the development of a comprehensive evaluation framework and benchmarks for RAG systems.
Retrieval
The retrieval component is critical for fetching relevant information that informs the generation process. One primary challenge is the dynamic and vast nature of potential knowledge bases, ranging from structured databases to the entire web. This vastness requires evaluation metrics that can effectively measure the precision, recall, and relevance of retrieved documents in the context of a given queryÂ [52,Â 32]. Moreover, the temporal aspect of information, where the relevance and accuracy of data can change over time, adds another layer of complexity to the evaluation processÂ [6]. Additionally, the diversity of information sources and the possibility of retrieving misleading or low-quality information pose significant challenges in assessing the effectiveness of filtering and selecting the most pertinent informationÂ [39]. The traditional evaluation indicators for retrieval, such as Recall and Precision, cannot fully capture the nuances of RAG retrieval systems, necessitating the development of more nuanced and task-specific evaluation metricsÂ [49].
Generation
The generation component, powered by LLMs, produces coherent and contextually appropriate responses based on the retrieved content. The challenge here lies in evaluating the faithfulness and accuracy of the generated content to the input data. This involves not only assessing the factual correctness of responses but also their relevance to the original query and the coherence of the generated textÂ [75,Â 49]. The subjective nature of certain tasks, such as creative content generation or open-ended question answering, further complicates the evaluation, as it introduces variability in what constitutes a â€œcorrectâ€ or â€œhigh-qualityâ€ responseÂ [48].
RAG System as a Whole
Evaluating the whole RAG system introduces additional complexities. The interplay between the retrieval and generation components means that the entire systemâ€™s performance cannot be fully understood by evaluating each component in isolationÂ [49,Â 14]. The system needs to be assessed on its ability to leverage retrieved information effectively to improve response quality, which involves measuring the added value of the retrieval component to the generative process. Furthermore, practical considerations such as response latency and the ability to handle ambiguous or complex queries are also crucial for evaluating the systemâ€™s overall effectiveness and usabilityÂ [39,Â 6].
Conclusion
Evaluating the target shift from traditional absolute numeric metrics to multi-source and multi-target generation evaluation, along with the intricate interplay between retrieval and generation components, poses significant challenges.Â [5,Â 50]Â Searches in a dynamic database may lead to misleading results or contradict the facts. Diverse and comprehensive datasets that accurately reflect real-world scenarios are crucial. Challenges also arise in the realm of metrics, encompassing generative evaluation criteria for distinct downstream tasks, human preferences, and practical considerations within the RAG system. Most prior benchmarks predominantly tackle one or several aspects of the RAG assessment but lack a comprehensive, holistic analysis.
3A Unified Evaluation Process of RAG (Auepora)
To facilitate a deeper understanding of RAG benchmarks, we introduceÂ A Unified Evaluation Process of RAGÂ (Auepora), which focuses on three key questions of benchmarks:Â What to Evaluate? How to Evaluate? How to Measure?Â which correlated toÂ Target,Â Dataset, andÂ MetricÂ respectively. We aim to provide a clear and accessible way for readers to comprehend the complexities and nuances of RAG benchmarking.
TheÂ TargetÂ module is intended to determine the evaluation direction. TheÂ DatasetÂ module facilitates the comparison of various data constructions in RAG benchmarks. The final module,Â Metrics, introduces the metrics that correspond to specific targets and datasets used during evaluation. Overall, it is designed to provide a systematic methodology for assessing the effectiveness of RAG systems across various aspects by covering all possible pairs at the beginning between the â€œEvaluable Outputsâ€ (EOs) and â€œGround Truthsâ€ (GTs). In the following section, we will explain thoroughlyÂ Aueporaand utilize it for introducing and comparing the RAG benchmarks.
Figure 2:TheÂ TargetÂ modular of theÂ Auepora.
3.1Evaluation Target (What to Evaluate?)
The combination of EOs and GTs in the RAG system can generate all possible targets, which is the fundamental concept of theÂ AueporaÂ (as shown in FigureÂ 1). Once identified, these targets can be defined based on a specific pair of EOs or EO with GT, as illustrated in FigureÂ 2, and used to analyze all aspects of current RAG benchmarks.
3.1.1Retrieval
The EOs are the relevant documents for evaluating the retrieval component depending on the query. Then we can construct two pairwise relationships for the retrieval component, which areÂ Relevant DocumentsÂ â†”Â Query,Â Relevant DocumentsÂ â†”Â Documents Candidates.
-Â 
RelevanceÂ (Relevant DocumentsÂ â†”Â Query) evaluates how well the retrieved documents match the information needed expressed in the query. It measures the precision and specificity of the retrieval process.
-Â 
AccuracyÂ (Relevant DocumentsÂ â†”Â Documents Candidates) assesses how accurate the retrieved documents are in comparison to a set of candidate documents. It is a measure of the systemâ€™s ability to identify and score relevant documents higher than less relevant or irrelevant ones.

"
,,https://arxiv.org/html/2501.00553v3,"Nuclear fragmentation cross section measurements are crucial for advancing in several fields, including Particle Therapy (PT), Radioprotection in Space (RPS) and nuclear structure studiesÂ [1,Â 2]. For instance, in PT understanding the fragmentation of ion beams as they interact with human tissue can potentially improve cancer treatments, as it helps in accurately predicting the dose distribution and minimizing damage to surrounding healthy tissuesÂ [3,Â 4]. Moreover, an accurate description of fragmentation phenomena can also shed light on the biological effectiveness in proton therapyÂ [5].
Similarly, in RPS these measurements would be of great importance for assessing the risks posed by cosmic radiation to astronauts, as they help in developing effective shielding strategiesÂ [6]. Indeed, space radiation constitutes one of the major risks for space exploration beyond Low Earth Orbit (LEO) which is among future plans of several national space agencies and private companiesÂ [7]. Radiation hazards could be so important to prevent deep space missions due to huge costs and unacceptable risks for the astronauts given the lack of effective countermeasures so farÂ [8].
These fields share a common ground both for ions involved (ranging fromÂ 1HÂ toÂ 56FeÂ with a focus on ions with nuclear charge numberÂ Zâ‰¤8) and kinetic energiesÂ 100âˆ’1000â€„MeV/nucleonÂ (depending on the ion). However, the phenomena at play are known with poor accuracy due to the lack or the poor precision of the relevant fragmentation cross section measurementsÂ [9,Â 10,Â 11]. This translates in a poor precision in the computation of the biological dose due to the fragments with respect to the one required for both PT and RPS applicationsÂ [12,Â 13]. The measurement of the missing fragmentation cross sections would allow to benchmark and update the existing nuclear models implemented in Monte Carlo (MC) and deterministic codes, used for the dose computation in both the PT and RPS applicationsÂ [14,Â 15]. Double differential cross sections in the fragment production angle and kinetic energy would be of great value to this purpose. Despite recent progress, only a small number of beam-target-energy combinations have been exploredÂ [16,Â 17,Â 18,Â 19,Â 20,Â 21,Â 22].
The FOOT experimentÂ [23]Â has been designed to address this data deficit by measuring fragmentation cross sections in the nuclear interactions between ion beams (such as protons, Helium, Carbon, and Oxygen) and targets of interest for PT, like H, C and O, which are the most abundant elements in tissues. It also includes targets of interest for shielding in RPS like hydrogen-enriched targetsÂ [23]. FOOT is a fixed target experiment whose setup includes two complementary configurations: an electronic setup with a magnetic spectrometer and charge/mass identification capabilities, for measuring forward emitted fragments with ZÂ â‰¥Â 2, and an emulsion spectrometer for higher angular acceptance measurements of fragments with ZÂ â‰¤Â 3. Details of the FOOT experiment design and some preliminary results can be found inÂ [23,Â 24,Â 25]. This study analyzes data acquired at the GSI Helmholtz Center for Heavy Ion Research facility in Darmstadt in 2021 with the electronic setup. At that time only a part of the final FOOT detector, as described in detail inÂ [23], was operational. The setup, consisting of a detector for the beam monitoring and a system for the Time-of-Flight and the energy loss measurements, was used to identify the charge Z of the fragments and to measure their emission angle allowing to perform elemental cross section measurements. The same setup was used in a previous data acquisition campaign in 2019 in GSI, described in detail inÂ [24].
This paper presents the measurement of the angular differential cross sections for the forward production ofÂ 2â‰¤Zâ‰¤7Â nuclei in the fragmentation process of a 400â€„MeV/nucleonÂ 16OÂ beam interacting with a graphite target. In terms of statistics and results, this work extends and supersedes the 2019 studyÂ [24], where a limited statistics allowed to measure only elemental fragmentation cross section integrated in the full geometrical acceptance of the setup. The present work provided more than a factor of 100 improvement in statistics compared to the previous campaign which allowed measurement of the angular differential cross sections for charged fragments with FOOT. In Sec.Â IIÂ the FOOT setup used in this analysis, its performance and the data collected are described. In Sec.Â IIIÂ the analysis strategy to measure cross sections is discussed. Systematic uncertainties from detector effects and the analysis method are also assessed. In Sec.Â IVÂ the results of the paper are discussed taking into account previous studies and earlier works of the FOOT experimentÂ [24]Â with a focus on the improvements enabled by higher statistics and enhanced analysis techniques while in Sec.Â VÂ a comparison between experimental results and predictions of Monte Carlo models in FLUKA and Geant4 is presented.
IIMaterial and methods
II.1Experimental setup
The experimental setup used in the data campaign analyzed in this paper is identical to the one used in the GSI 2019 data taking campaign and described in detail inÂ [24]Â (see FigureÂ 1). The fragmentation due to the interaction of aÂ 16OÂ beam of 400â€„MeV/nucleonÂ with a 5Â mm graphite target (TG) is studied. Two detectors, upstream the graphite target, the Start Counter (SC) and the Beam Monitor (BM) measure the incoming Oxygen ions. Their design minimizes the pre-target overall material budget in order to keep the fragmentation interactions inside themselves at the percentage level with respect to the one in the target. Downstream of the target, the only detector is the TOF Wall (TW) able to provide identification of the charge Z of the fragmentsÂ [24]. The FOOT detector was installed in the Cave-A (HTA) of the GSI facility. The FWHM beam size was (0.5,0.4)Â cm inÂ (X,Y)Â and the beam intensity was kept in the interval (0.5-1.0)Â kHz in order to keep the pile-up from Oxygen ions to a sustainable rate for the FOOT detectors.
Figure 1:Schematic view of the GSI experimental setup. TheÂ 16O beam passes through the Start Counter and the Beam Monitor, before impinging on the 5 mm thick graphite target. The produced fragments emitted with a polar angleÂ â‰¤5.7âˆ˜Â can be identified by the TOF Wall detector, about 193 cm downstream of the targetÂ [24].
The Start CounterÂ [26]Â is a 250Â Î¼m thick plastic scintillator (EJ-228), placed at the very beginning of the setup, which measures the number of the incomingÂ 16OÂ ions and provides the start of the time of flight (TOF) measurement with a resolution ofÂ âˆ¼Â 70Â psÂ [27]. The Beam Monitor is a drift chamber consisting of twelve wire layers, with X-Y views. With a tracking efficiency higher thanÂ 90%Â and a lower limit on the spatial resolution ofÂ 60â¢Î¼â¢mÂ [28], it provides the measurement of the direction and the interacting point of the beam ions on the target. The distances between SC, BM and TG have been minimized as much as possible. This choice minimizes the effects of the multiple scattering and maximizes the position resolution on the BM track projection on the TG.
The TOF Wall detector is composed of two layers ofÂ 20Â plastic scintillator bars (EJ-200) each, arranged orthogonally to provide X-Y views. This setup forms aÂ 40Ã—40â¢cm2Â active area detector providing the measurements of the energy depositedÂ Î”E, with a resolution ofÂ Ïƒâ¢(Î”â¢E)/Î”â¢Eâˆ¼5Â %, the TOF stop, with a resolution ofÂ âˆ¼Â 20Â ps forÂ 16OÂ ionsÂ [27], and the hit position with the granularity provided by the bar crossing dimension of 2Ã—2 cm2. To ensure that most fragments (except protons and neutrons) are fully measured, the TW is positioned approximately 193Â cm downstream of the target. MC simulations and prior measurementsÂ [23,Â 15]Â showed that this arrangement maximizes the detectorâ€™s coverage for He fragments emitted within a maximum angle of 10âˆ˜Â and consequently also for heavier ions. The position of the TW was chosen to minimize multiple hits within the fixed granularity. According to a MC simulations the chosen granularity keeps the pile-up of multiple fragments in the same bars cross belowÂ 1%Â [24,Â 23]. The TW detector was not optimized for the detection of neutrons and protons and these products were not analyzed. The TW dimension and distances from the target set the geometrical acceptance of the setup. Taking into account also a 1Â cm shift between the center of the upstream region (SC, BM and TG) with respect to the one of the TW, the polar angle acceptance for this analysis isÂ Î¸â‰¤5.7âˆ˜.
Charge Z identification
The simultaneous measurement of theÂ Î”E in each TW bar and the TOF between that bar and the SC allowed the identification of the nuclear charge (Z) of that ion. As detailed inÂ [24], from a parametrization with a Bethe-Bloch curve of theÂ Î”E as a function of TOF, for each TW layer, the charge Z of each fragment was extracted. A fragment crossing the TW hits a pair of X and Y bars, each with an assigned Z coordinate, thus identifying the point of passage of the fragment. The two bars are associated to the same fragment and clusterized in a TW point, with a position resolution provided by the bar crossing of 2Ã—2Â cm2. In order to have a clean Z identification, only pairs of X-Y bars sharing the same reconstructed Z are selected and clusterized in a TW pointÂ [24]. The fragment hit position along the bar, extracted with the time difference measured at both the edges of a single bar, is used to improve the clusterization of the X-Y bars forming a TW pointÂ [24]. This is fundamental whenever more than one fragment hits the TW in the same event. TheÂ Î”E and TOF assigned to each TW point is the average between the ones of the two bars forming it. In order to show the separation of the different fragments charge Z in Fig.Â 2Â the Bethe-Bloch curves used for the charge Z identification (ZID) of the fragment are super
"
,,https://arxiv.org/html/2512.23601v1,"Large language models (LLMs) have significant potential for generating educational questions and problems, enabling educators to create large-scale learning materials. However, LLMs are fundamentally limited by the â€œArtificial Hivemindâ€ effect, where they generate similar responses within the same model and produce homogeneous outputs across different models. As a consequence, students may be exposed to overly similar and repetitive LLM-generated problems, which harms diversity of thought. Drawing inspiration from Wallasâ€™s theory of creativity and Guilfordâ€™s framework of divergent-convergent thinking, we proposeÂ CreativeDC, a two-phase prompting method that explicitly scaffolds the LLMâ€™s reasoning into distinct phases. By decoupling creative exploration from constraint satisfaction, our method enables LLMs to explore a broader space of ideas before committing to a final problem. We evaluateÂ CreativeDCÂ for creative problem generation using a comprehensive set of metrics that capture diversity, novelty, and utility. The results show thatÂ CreativeDCÂ achieves significantly higher diversity and novelty compared to baselines while maintaining high utility. Moreover, scaling analysis shows thatÂ CreativeDCÂ generates a larger effective number of distinct problems as more are sampled, increasing at a faster rate than baseline methods.
Large language models (LLMs) have demonstrated remarkable capabilities across a wide range of domains, and their applications are becoming increasingly widespread. In education, LLMs have shown particular promise for generating questions and problems, such as topic-specific questionsÂ DBLP:conf/lak/LiCB25;Â DBLP:conf/emnlp/0001LB21, problems at varying difficulty levelsÂ DBLP:conf/aied/JiaoSCZS23;Â DBLP:conf/aied/YuKL25;Â DBLP:conf/aaai/ElkinsKCS24, mathematically valid problemsÂ DBLP:conf/emnlp/0001LB21, and high-quality programming problemsÂ DBLP:conf/aied/NguyenPGTS25. While LLMs support educators by enabling scalable problem creation, a fundamental limitation threatens their effectiveness in this domain. Prior work has shown that LLMs exhibit the â€œArtificial Hivemindâ€ effectÂ hivemind, which is characterized by repetition within a single model and homogeneity across different models. As a result, students may be exposed to LLM-generated problems that are overly similar and repetitive, which can harm the collective diversity of thought and creativity.
Existing work has proposed several methods to mitigate this homogeneity of LLM outputs. A naive method is to use a high decoding temperature, which increases surface-level diversity but does not improve originality and can even reduce creativityÂ lu2024discussion. Other methods use external information such as persona simulation to steer models toward different perspectivesÂ DBLP:journals/corr/abs-2406-20094Â or contextualized prompting to add thematic constraints that guide generationÂ DBLP:conf/aied/NguyenPGTS25. More advanced methods include fine-tuning with creativity signals to explicitly optimize for novelty and diversityÂ ismayilzada-etal-2025-creativeÂ or multi-LLM discussion frameworks that enhance creativity through role-play and debate among multiple agentsÂ lu2024discussion. However, a limitation shared by these methods is that they do not fundamentally change the underlying reasoning process. When prompted directly for creative outputs, LLMs often immediately attempt to satisfy all constraints, leading to premature convergence that prunes creative exploration.
Our approach, drawing inspiration from Wallasâ€™s classical theory of creativityÂ wallas1926artÂ and Guilfordâ€™s divergent-convergent thinkingÂ guilford1956structure, addresses this limitation by explicitly scaffolding the LLMâ€™s reasoning into two distinct phases. In theÂ divergent thinking phase, the model explores the creative space freely by generating wildly different, unconventional ideas without the cognitive burden of satisfying task constraints. In theÂ convergent thinking phase, the model selects promising ideas and refines them to meet all requirements. By decoupling exploration from constraint satisfaction, our approach enables the LLM to traverse a broader ideation space before committing to a final answer. While prior work has applied divergent-convergent frameworks to classification tasksÂ parekh-etal-2025-dicore, creative problem-solvingÂ DBLP:conf/naacl/TianRQ0MP00B24, and human-AI co-creation interfacesÂ wen2025explorationvsfixationscaffolding, our work provides a novel contribution by applying this framework to scaffold automated creative problem generation.
Our contributions are as follows:
1.Â 
We proposeÂ CreativeDC, a two-phase prompting method that scaffolds divergent and convergent thinking in the LLMâ€™s reasoning process for creative problem generation.
2.Â 
We instantiate this paradigm for creative programming problem generation in our experiments. Then, we evaluate our method using a comprehensive set of metrics that capture diversity and novelty, both lexically and semantically, as well as utility.
3.Â 
We show thatÂ CreativeDCÂ achieves significantly greater diversity and novelty than baseline methods, while maintaining high utility across diverse input contexts. Moreover,Â CreativeDCÂ generates a larger effective number of distinct problems than the baselines2.2Metrics for Evaluating Creativity
Creativity is inherently multi-dimensionalÂ Runco2012TheSD;Â DBLP:books/daglib/0022902, and recent work has emphasized the importance of simultaneously assessing diversity/novelty and utility (quality), highlighting trade-offs between these often competing objectivesÂ shypula2025evaluating;Â padmakumar2025measuringllmnoveltyfrontier. Following these multi-dimensional evaluation approaches, we evaluate creativity across three complementary dimensions:Â diversity,Â novelty, andÂ utility.
Diversity.
Diversity measures the variation among theÂ KÂ problems inÂ ğ’®. We evaluate diversity using both lexical and semantic metrics.
Lexical Diversity.Â We measure lexical diversity as the ratio of uniqueÂ n-grams to the total number ofÂ n-grams across the set. A higher score indicates richer wording with less repetition. LetÂ ngramsnâ€‹(ğ’«)Â denote the multiset ofÂ n-grams extracted from problemÂ ğ’«. Lexical diversity is defined as:Â LexDivnâ€‹(ğ’®)=|â‹ƒğ’«âˆˆğ’®ngramsnâ€‹(ğ’«)|/âˆ‘ğ’«âˆˆğ’®|ngramsnâ€‹(ğ’«)|.
Semantic Diversity.Â To capture diversity beyond surface lexical overlap, we evaluate the semantic diversity of the setÂ ğ’®Â as the average pairwise cosine distance between problem embeddings. A higher score indicates greater semantic variety among theÂ KÂ problems. LetÂ ğâ€‹(ğ’«)âˆˆâ„dÂ denote the embedding of problemÂ ğ’«. Semantic diversity is defined as:Â SemDivâ€‹(ğ’®)=1/(K2)â€‹âˆ‘i<jdcosâ€‹(ğâ€‹(ğ’«i),ğâ€‹(ğ’«j)).
Novelty.
While diversity measures variation within the setÂ ğ’®, novelty captures how distinct the problems inÂ ğ’®Â are from an external reference corpusÂ â„›. Prior work typically computes novelty against large-scale web corporaÂ DBLP:conf/iclr/LuSHM0HEJCD025, which are vast but semantically sparse, and finding a close match for a specific creative output is unlikely unless it is near-plagiarism. We adopt a more challenging evaluation setting. For each generation method, we constructÂ â„›Â from the pool of problems generated by allÂ otherÂ methods on the same contextÂ ğ’. This creates a semantically dense reference corpus where all problems share the same themes, programming concepts, and similar LLM-generation patterns. This setting provides a conservative lower bound on real-world novelty, as achieving high novelty against such a closely matched reference is considerably harder than against generic web text.
Lexical Novelty.Â We measure the proportion ofÂ n-grams in a generated problem that do not appear in the reference corpus. For a problemÂ ğ’«âˆˆğ’®Â and reference corpusÂ â„›, the lexical novelty is:Â LexNovnâ€‹(ğ’«,â„›)=|ngramsnâ€‹(ğ’«)âˆ–â‹ƒğ’«â€²âˆˆâ„›ngramsnâ€‹(ğ’«â€²)|/|ngramsnâ€‹(ğ’«)|.Â A higher score indicates more distinctive phrasing relative to other methodsâ€™ outputs. We report this metric averaged across all problems inÂ ğ’®.
Semantic Novelty.Â To capture novelty beyond surface level, we compute the minimum cosine distance between a problem embedding and the embeddings of all problems in the reference corpus:Â SemNovâ€‹(ğ’«,â„›)=minğ’«â€²âˆˆâ„›â¡dcosâ€‹(ğâ€‹(ğ’«),ğâ€‹(ğ’«â€²)).Â This measures how far each problem lies from its nearest semantic neighbor in the reference set. Higher values indicate more semantically novel outputs. We report the average over all problems inÂ ğ’®.
Utility.
Utility measures the quality of each generated problemÂ ğ’«âˆˆğ’®Â with respect to the given contextÂ ğ’. We evaluate utility along three binary dimensions: (1)Â Validity: the problem is solvable and the test suite must be correct and complete; (2)Â Context Relevance: the problem is related to the theme specified inÂ ğ’Â and requires the given programming concepts to solve; and (3)Â Comprehensibility: the descriptionÂ ğ’«descÂ provides sufficient information to solve the problem. The utility of a problem is defined as the product of these three binary indicators:Â Utilityâ€‹(ğ’«)=ğŸâ€‹[Validity]Ã—ğŸâ€‹[Context Relevance]Ã—ğŸâ€‹[Comprehensibility], which equalsÂ 1Â only when all three criteria are satisfied, andÂ 0Â otherwise. We evaluate utility using an LLM-as-a-judge approach by using a strong LLM to assess context relevance and comprehensibility, and generates a solution program that we execute againstÂ ğ’«evalÂ to verify validity, following prior workÂ DBLP:conf/nips/ZhengC00WZL0LXZ23;Â hivemind;Â DBLP:conf/aied/NguyenPGTS25;Â padmakumar2025measuringllmnoveltyfrontier. We define the utility of a setÂ ğ’®Â as the percentage of problems inÂ ğ’®Â that achieve utilityÂ 1:Â Utilityâ€‹(ğ’®)=1|ğ’®|â€‹âˆ‘ğ’«âˆˆğ’®ğŸâ€‹[Utilityâ€‹(ğ’«)=1]Ã—100.
2.3Objective
Our objective is to design a method that, given a contextÂ ğ’, generates a set of problemsÂ ğ’®Kâ€‹(ğ’)Â that maximizesÂ diversityÂ andÂ noveltyÂ while maintaining highÂ utility. This objective is challenging because diversity and novelty often conflict with utility constraintsÂ padmakumar2025measuringllmnoveltyfrontier.

"
